year,month,day,cpu_hours
2017,1,1,12.87
2017,1,2,54.39
2017,1,3,20.42
2017,1,4,75.38
2017,1,5,55.84
2017,1,6,20.04
2017,1,7,77.82
2017,1,8,96.32
2017,1,9,14.32
2017,1,10,7.73
2017,1,11,26.52
2017,1,12,56.46
2017,1,13,12.20
2017,1,14,2.05
2017,1,15,66.69
2017,1,16,11.18
2017,1,17,72.39
2017,1,18,66.11
2017,1,19,33.06
2017,1,20,4.77
2017,1,21,28.50
2017,1,22,95.88
2017,1,23,21.59
2017,1,24,43.55
2017,1,25,75.20
2017,1,26,40.04
2017,1,27,10.36
2017,1,28,5.49
2017,1,29,9.39
2017,1,30,82.28
2017,1,31,27.71
2017,2,1,17.56
2017,2,2,58.52
2017,2,3,25.03
2017,2,4,44.18
2017,2,5,86.63
2017,2,6,38.02
2017,2,7,11.14
2017,2,8,88.14
2017,2,9,30.67
2017,2,10,13.09
2017,2,11,10.45
2017,2,12,63.31
2017,2,13,7.26
2017,2,14,31.49
2017,2,15,92.99
2017,2,16,2.93
2017,2,17,70.16
2017,2,18,81.31
2017,2,19,14.13
2017,2,20,41.66
2017,2,21,81.81
2017,2,22,85.16
2017,2,23,27.98
2017,2,24,61.74
2017,2,25,32.62
2017,2,26,24.20
2017,2,27,9.20
2017,2,28,94.32
2017,3,1,63.04
2017,3,2,44.67
2017,3,3,77.67
2017,3,4,68.25
2017,3,5,78.67
2017,3,6,3.00
2017,3,7,84.90
2017,3,8,79.12
2017,3,9,66.52
2017,3,10,90.08
2017,3,11,90.85
2017,3,12,19.81
2017,3,13,8.51
2017,3,14,96.91
2017,3,15,68.95
2017,3,16,30.76
2017,3,17,1.22
2017,3,18,78.09
2017,3,19,12.44
2017,3,21,60.93
2017,3,22,91.29
2017,3,23,43.43
2017,3,24,38.03
2017,3,25,97.64
2017,3,26,41.30
2017,3,27,34.82
2017,3,28,55.80
2017,3,29,85.09
2017,3,30,73.31
2017,3,31,3.15
2017,4,1,85.51
2017,4,2,83.56
2017,4,3,13.89
2017,4,4,50.63
2017,4,5,23.88
2017,4,6,95.18
2017,4,7,27.29
2017,4,8,32.90
2017,4,9,34.46
2017,4,10,78.24
2017,4,11,85.81
2017,4,12,66.53
2017,4,13,79.14
2017,4,14,54.63
2017,4,15,83.59
2017,4,16,56.17
2017,4,17,1.49
2017,4,18,7.96
2017,4,19,79.12
2017,4,20,99.74
2017,4,21,15.00
2017,4,22,27.84
2017,4,23,93.51
2017,4,24,99.00
2017,4,25,81.74
2017,4,26,29.62
2017,4,27,15.67
2017,4,28,67.17
2017,4,29,21.60
2017,4,30,45.48
2017,5,1,4.98
2017,5,2,77.17
2017,5,3,70.57
2017,5,4,57.35
2017,5,5,35.11
2017,5,6,94.07
2017,5,7,92.99
2017,5,8,8.49
2017,5,9,76.78
2017,5,10,11.92
2017,5,11,52.10
2017,5,12,9.66
2017,5,13,42.22
2017,5,14,67.89
2017,5,15,99.05
2017,5,16,21.31
2017,5,17,52.28
2017,5,18,22.53
2017,5,19,4.09
2017,5,20,69.88
2017,5,21,46.01
2017,5,22,18.43
2017,5,23,76.71
2017,5,24,92.95
2017,5,25,68.10
2017,5,26,86.30
2017,5,27,29.69
2017,5,28,1.94
2017,5,29,21.71
2017,5,30,57.58
2017,5,31,27.00
2017,6,1,49.33
2017,6,2,65.51
2017,6,3,39.05
2017,6,4,60.88
2017,6,5,70.41
2017,6,6,10.87
2017,6,7,88.03
2017,6,8,85.20
2017,6,9,2.89
2017,6,10,65.27
2017,6,11,38.79
2017,6,12,95.28
2017,6,13,48.42
2017,6,14,49.34
2017,6,15,6.64
2017,6,16,91.19
2017,6,17,63.75
2017,6,18,49.03
2017,6,19,62.16
2017,6,20,23.38
2017,6,21,72.87
2017,6,22,75.81
2017,6,23,68.79
2017,6,24,64.05
2017,6,25,51.60
2017,6,26,88.08
2017,6,27,96.49
2017,6,28,71.73
2017,6,29,59.24
2017,6,30,8.98
2017,7,2,85.44
2017,7,3,0.52
2017,7,4,52.68
2017,7,5,87.19
2017,7,6,96.01
2017,7,7,5.42
2017,7,8,79.25
2017,7,9,89.00
2017,7,10,3.00
2017,7,11,58.56
2017,7,12,53.59
2017,7,13,2.96
2017,7,14,54.53
2017,7,15,13.02
2017,7,16,56.09
2017,7,17,48.04
2017,7,18,39.31
2017,7,19,98.93
2017,7,20,23.00
2017,7,21,23.85
2017,7,22,53.82
2017,7,23,88.73
2017,7,24,14.74
2017,7,25,11.09
2017,7,26,33.55
2017,7,27,51.15
2017,7,28,94.33
2017,7,29,52.53
2017,7,30,64.87
2017,7,31,56.54
2017,8,1,31.69
2017,8,2,8.44
2017,8,3,3.09
2017,8,4,40.26
2017,8,5,66.17
2017,8,6,11.32
2017,8,7,58.46
2017,8,8,6.41
2017,8,9,55.61
2017,8,10,0.33
2017,8,11,4.62
2017,8,12,90.88
2017,8,13,67.71
2017,8,14,1.31
2017,8,15,83.86
2017,8,16,57.25
2017,8,17,21.34
2017,8,18,31.57
2017,8,19,99.31
2017,8,20,85.73
2017,8,21,23.59
2017,8,22,13.19
2017,8,23,78.39
2017,8,24,64.20
2017,8,25,0.61
2017,8,26,26.41
2017,8,27,5.91
2017,8,28,25.13
2017,8,29,72.18
2017,8,30,56.57
2017,8,31,19.92
2017,9,1,14.68
2017,9,2,74.40
2017,9,3,83.63
2017,9,4,85.49
2017,9,5,8.44
2017,9,6,95.43
2017,9,7,24.73
2017,9,8,10.80
2017,9,9,32.55
2017,9,10,42.68
2017,9,11,92.29
2017,9,12,81.81
2017,9,13,46.14
2017,9,14,29.37
2017,9,15,66.93
2017,9,16,82.54
2017,9,17,31.75
2017,9,18,96.92
2017,9,19,39.10
2017,9,20,91.77
2017,9,21,32.16
2017,9,22,50.94
2017,9,23,94.82
2017,9,24,88.35
2017,9,25,86.73
2017,9,26,39.39
2017,9,27,17.87
2017,9,28,24.16
2017,9,29,45.47
2017,9,30,88.57
2017,10,1,81.91
2017,10,2,75.31
2017,10,3,34.99
2017,10,4,79.07
2017,10,5,26.11
2017,10,6,91.22
2017,10,7,94.10
2017,10,8,8.87
2017,10,9,17.56
2017,10,10,49.01
2017,10,11,61.27
2017,10,12,49.27
2017,10,13,80.77
2017,10,14,17.24
2017,10,15,43.03
2017,10,16,29.76
2017,10,17,68.75
2017,10,18,70.01
2017,10,19,32.10
2017,10,20,64.07
2017,10,21,51.51
2017,10,22,41.30
2017,10,23,56.13
2017,10,24,53.72
2017,10,25,21.87
2017,10,26,48.29
2017,10,27,91.52
2017,10,28,8.67
2017,10,29,24.47
2017,10,30,33.85
2017,10,31,12.43
2017,11,1,39.64
2017,11,2,19.38
2017,11,3,83.43
2017,11,4,50.37
2017,11,5,82.50
2017,11,6,47.81
2017,11,7,28.64
2017,11,8,87.75
2017,11,9,33.30
2017,11,10,49.65
2017,11,11,23.09
2017,11,12,87.47
2017,11,13,81.34
2017,11,14,96.55
2017,11,15,6.82
2017,11,16,10.94
2017,11,17,43.15
2017,11,18,17.70
2017,11,19,45.09
2017,11,20,93.51
2017,11,21,75.40
2017,11,22,21.71
2017,11,23,52.64
2017,11,24,23.81
2017,11,25,91.49
2017,11,26,24.21
2017,11,27,92.05
2017,11,28,32.75
2017,11,29,33.61
2017,11,30,17.70
2017,12,1,90.47
2017,12,2,68.20
2017,12,3,39.52
2017,12,4,5.55
2017,12,5,87.82
2017,12,6,22.19
2017,12,7,56.56
2017,12,8,26.04
2017,12,9,75.41
2017,12,10,99.06
2017,12,11,17.31
2017,12,12,48.89
2017,12,13,94.22
2017,12,14,92.07
2017,12,15,96.38
2017,12,16,66.93
2017,12,17,72.91
2017,12,18,75.28
2017,12,19,46.23
2017,12,20,72.50
2017,12,21,4.23
2017,12,22,86.24
2017,12,23,90.73
2017,12,24,68.09
2017,12,25,89.21
2017,12,26,15.14
2017,12,27,88.85
2017,12,28,84.25
2017,12,29,87.23
2017,12,30,6.18
2017,12,31,86.34
2018,1,1,43.93
2018,1,2,18.10
2018,1,3,28.17
2018,1,4,78.01
2018,1,5,73.38
2018,1,6,44.32
2018,1,7,81.95
2018,1,8,16.30
2018,1,9,57.44
2018,1,10,36.07
2018,1,11,13.56
2018,1,12,32.51
2018,1,13,80.38
2018,1,14,64.87
2018,1,15,16.42
2018,1,16,7.16
2018,1,17,48.53
2018,1,18,17.50
2018,1,19,72.58
2018,1,20,71.45
2018,1,21,53.76
2018,1,22,91.10
2018,1,23,12.73
2018,1,24,8.09
2018,1,25,93.03
2018,1,26,91.05
2018,1,27,29.61
2018,1,28,77.88
2018,1,29,91.89
2018,1,30,85.71
2018,1,31,74.79
2018,2,1,95.37
2018,2,2,41.25
2018,2,3,43.47
2018,2,4,86.55
2018,2,5,24.54
2018,2,6,26.33
2018,2,7,14.87
2018,2,8,42.26
2018,2,9,19.86
2018,2,10,9.32
2018,2,11,33.02
2018,2,12,78.25
2018,2,13,76.70
2018,2,14,46.63
2018,2,15,39.22
2018,2,16,10.03
2018,2,17,17.50
2018,2,18,71.43
2018,2,19,46.11
2018,2,20,99.76
2018,2,21,66.05
2018,2,22,23.17
2018,2,23,3.50
2018,2,24,64.07
2018,2,25,48.68
2018,2,26,65.66
2018,2,27,77.35
2018,2,28,42.47
2018,3,1,6.45
2018,3,2,51.13
2018,3,3,95.34
2018,3,4,23.59
2018,3,5,60.99
2018,3,6,51.19
2018,3,7,77.09
2018,3,8,67.50
2018,3,9,27.89
2018,3,10,7.78
2018,3,11,42.26
2018,3,12,37.27
2018,3,13,7.49
2018,3,14,60.83
2018,3,15,9.13
2018,3,16,86.41
2018,3,17,42.15
2018,3,18,10.32
2018,3,19,73.59
2018,3,20,34.42
2018,3,21,16.12
2018,3,22,71.77
2018,3,23,93.52
2018,3,24,15.35
2018,3,25,25.12
2018,3,26,74.95
2018,3,27,89.35
2018,3,28,21.09
2018,3,29,16.09
2018,3,30,41.56
2018,3,31,6.65
2018,4,1,31.66
2018,4,2,76.72
2018,4,3,20.91
2018,4,4,61.19
2018,4,5,80.13
2018,4,6,19.70
2018,4,7,64.12
2018,4,8,97.02
2018,4,9,21.91
2018,4,10,63.96
2018,4,11,23.05
2018,4,12,55.75
2018,4,13,7.74
2018,4,14,15.07
2018,4,15,40.94
2018,4,16,89.92
2018,4,17,93.78
2018,4,18,18.56
2018,4,19,81.27
2018,4,20,90.94
2018,4,21,52.10
2018,4,22,22.64
2018,4,23,98.59
2018,4,24,64.21
2018,4,25,98.19
2018,4,26,58.95
2018,4,27,76.00
2018,4,28,27.48
2018,4,29,12.91
2018,4,30,77.73
2018,5,1,85.54
2018,5,2,96.21
2018,5,3,41.91
2018,5,4,89.66
2018,5,5,31.53
2018,5,6,59.22
2018,5,7,57.89
2018,5,8,6.19
2018,5,9,48.23
2018,5,10,91.32
2018,5,11,26.83
2018,5,12,16.21
2018,5,13,23.65
2018,5,14,68.10
2018,5,15,51.28
2018,5,16,73.88
2018,5,17,10.76
2018,5,18,49.89
2018,5,19,39.18
2018,5,20,69.63
2018,5,21,73.12
2018,5,22,39.04
2018,5,23,39.82
2018,5,24,93.27
2018,5,25,55.14
2018,5,26,33.49
2018,5,27,40.32
2018,5,28,85.97
2018,5,29,67.47
2018,5,30,97.68
2018,5,31,74.34
2018,6,1,40.30
2018,6,2,88.37
2018,6,3,21.58
2018,6,4,87.40
2018,6,5,42.22
2018,6,6,85.54
2018,6,7,80.61
2018,6,8,60.98
2018,6,9,31.82
2018,6,10,14.69
2018,6,11,88.32
2018,6,12,44.13
2018,6,13,82.86
2018,6,14,55.70
2018,6,15,43.79
2018,6,16,25.58
2018,6,17,4.44
2018,6,18,6.59
2018,6,19,66.76
2018,6,20,55.47
2018,6,21,27.83
2018,6,22,9.28
2018,6,23,29.31
2018,6,24,68.91
2018,6,25,4.50
2018,6,26,67.14
2018,6,27,77.37
2018,6,28,38.76
2018,6,29,61.04
2018,6,30,39.33
2018,7,1,24.58
2018,7,2,70.46
2018,7,3,67.89
2018,7,4,61.42
2018,7,5,8.65
2018,7,6,53.26
2018,7,7,79.75
2018,7,8,76.62
2018,7,9,67.94
2018,7,10,61.69
2018,7,11,54.69
2018,7,12,53.11
2018,7,13,42.36
2018,7,14,37.22
2018,7,15,58.84
2018,7,16,0.11
2018,7,17,87.95
2018,7,18,95.20
2018,7,19,52.60
2018,7,20,40.34
2018,7,21,91.29
2018,7,22,39.19
2018,7,23,24.78
2018,7,24,10.66
2018,7,25,11.58
2018,7,26,90.85
2018,7,27,1.73
2018,7,28,16.40
2018,7,29,90.12
2018,7,30,64.32
2018,7,31,88.54
2018,8,1,43.56
2018,8,2,37.64
2018,8,3,91.73
2018,8,4,87.05
2018,8,5,43.84
2018,8,6,35.93
2018,8,7,52.01
2018,8,8,65.25
2018,8,9,28.86
2018,8,10,79.80
2018,8,11,18.59
2018,8,12,74.30
2018,8,13,41.69
2018,8,14,92.99
2018,8,15,72.51
2018,8,16,6.98
2018,8,17,21.03
2018,8,18,6.10
2018,8,19,46.06
2018,8,20,44.77
2018,8,22,98.64
2018,8,23,58.99
2018,8,24,34.40
2018,8,25,17.93
2018,8,26,30.55
2018,8,27,73.51
2018,8,28,28.82
2018,8,29,8.77
2018,8,30,81.04
2018,8,31,94.53
2018,9,1,69.95
2018,9,2,54.61
2018,9,3,80.26
2018,9,4,58.83
2018,9,5,74.47
2018,9,6,25.32
2018,9,7,95.64
2018,9,8,64.35
2018,9,9,9.63
2018,9,10,26.91
2018,9,11,39.00
2018,9,12,49.57
2018,9,13,99.27
2018,9,14,70.27
2018,9,15,61.05
2018,9,16,21.39
2018,9,17,39.26
2018,9,18,27.45
2018,9,19,11.53
2018,9,20,44.86
2018,9,21,12.44
2018,9,22,32.19
2018,9,23,85.54
2018,9,24,45.42
2018,9,25,91.71
2018,9,26,2.51
2018,9,27,0.11
2018,9,28,70.63
2018,9,29,83.77
2018,9,30,29.64
2018,10,2,93.17
2018,10,3,39.22
2018,10,4,45.73
2018,10,5,40.64
2018,10,6,56.57
2018,10,7,8.28
2018,10,8,88.15
2018,10,9,84.67
2018,10,10,10.62
2018,10,11,79.91
2018,10,12,73.75
2018,10,13,40.54
2018,10,14,3.34
2018,10,15,83.35
2018,10,16,85.90
2018,10,17,39.65
2018,10,18,34.30
2018,10,19,47.59
2018,10,20,64.83
2018,10,21,35.25
2018,10,22,96.87
2018,10,23,34.10
2018,10,24,80.33
2018,10,25,19.70
2018,10,26,47.20
2018,10,27,32.22
2018,10,28,78.12
2018,10,29,60.16
2018,10,30,69.45
2018,10,31,61.99
2018,11,1,46.71
2018,11,2,15.12
2018,11,3,91.42
2018,11,4,79.26
2018,11,5,98.26
2018,11,6,30.42
2018,11,7,12.85
2018,11,8,80.99
2018,11,9,95.76
2018,11,10,50.05
2018,11,11,64.10
2018,11,12,30.11
2018,11,13,78.76
2018,11,14,85.75
2018,11,15,90.60
2018,11,16,32.06
2018,11,17,66.96
2018,11,18,65.09
2018,11,19,18.15
2018,11,20,70.97
2018,11,21,13.86
2018,11,22,38.50
2018,11,23,60.54
2018,11,24,22.00
2018,11,25,31.14
2018,11,26,4.88
2018,11,27,83.94
2018,11,28,30.08
2018,11,29,78.88
2018,11,30,92.36
2018,12,1,91.27
2018,12,2,60.98
2018,12,3,47.35
2018,12,4,86.84
2018,12,5,41.67
2018,12,6,29.52
2018,12,7,92.98
2018,12,8,13.36
2018,12,9,47.21
2018,12,10,76.36
2018,12,11,48.36
2018,12,12,34.50
2018,12,13,28.58
2018,12,14,27.21
2018,12,15,18.02
2018,12,16,7.19
2018,12,17,44.38
2018,12,18,1.63
2018,12,19,19.93
2018,12,20,63.06
2018,12,21,31.85
2018,12,22,52.49
2018,12,23,89.13
2018,12,24,91.84
2018,12,25,32.19
2018,12,26,75.84
2018,12,27,77.09
2018,12,28,96.15
2018,12,29,20.93
2018,12,30,19.07
2018,12,31,18.85
2019,1,1,65.46
2019,1,2,46.24
2019,1,3,39.01
2019,1,4,61.18
2019,1,5,87.68
2019,1,6,29.98
2019,1,7,94.45
2019,1,8,90.94
2019,1,9,26.90
2019,1,10,92.43
2019,1,11,61.23
2019,1,12,4.11
2019,1,13,84.90
2019,1,14,17.48
2019,1,15,84.97
2019,1,16,31.05
2019,1,17,59.14
2019,1,18,33.51
2019,1,19,96.74
2019,1,20,88.27
2019,1,21,43.73
2019,1,22,49.19
2019,1,23,45.27
2019,1,24,93.39
2019,1,25,14.91
2019,1,26,83.42
2019,1,27,27.48
2019,1,28,45.87
2019,1,29,6.09
2019,1,30,88.23
2019,1,31,83.04
2019,2,1,16.43
2019,2,2,20.09
2019,2,3,99.90
2019,2,4,11.37
2019,2,5,19.69
2019,2,6,63.30
2019,2,7,49.88
2019,2,8,47.49
2019,2,9,32.32
2019,2,10,32.26
2019,2,11,27.92
2019,2,12,91.90
2019,2,13,87.62
2019,2,14,16.29
2019,2,15,26.37
2019,2,16,60.63
2019,2,17,67.63
2019,2,18,16.66
2019,2,19,50.36
2019,2,20,42.96
2019,2,21,37.37
2019,2,22,41.34
2019,2,23,6.07
2019,2,24,40.54
2019,2,25,66.34
2019,2,26,14.68
2019,2,27,72.89
2019,2,28,37.25
2019,3,1,22.61
2019,3,2,41.99
2019,3,3,87.80
2019,3,4,9.12
2019,3,5,24.01
2019,3,6,86.80
2019,3,7,99.40
2019,3,8,45.56
2019,3,9,24.67
2019,3,10,65.93
2019,3,11,48.10
2019,3,12,88.21
2019,3,13,51.60
2019,3,14,91.87
2019,3,15,54.08
2019,3,16,64.96
2019,3,17,25.64
2019,3,18,82.60
2019,3,19,4.72
2019,3,20,73.33
2019,3,21,27.13
2019,3,22,35.28
2019,3,23,84.39
2019,3,24,97.68
2019,3,25,29.71
2019,3,26,5.71
2019,3,27,0.12
2019,3,28,63.65
2019,3,29,49.79
2019,3,30,69.83
2019,3,31,88.01
2019,4,1,84.30
2019,4,2,82.41
2019,4,3,58.98
2019,4,4,29.05
2019,4,5,90.49
2019,4,6,55.52
2019,4,7,94.50
2019,4,8,83.51
2019,4,9,55.75
2019,4,10,4.56
2019,4,11,15.15
2019,4,12,2.27
2019,4,13,69.33
2019,4,14,17.09
2019,4,15,95.87
2019,4,16,38.23
2019,4,17,19.56
2019,4,18,27.04
2019,4,19,3.26
2019,4,20,76.55
2019,4,21,32.72
2019,4,22,28.29
2019,4,23,40.84
2019,4,24,87.59
2019,4,25,96.99
2019,4,26,9.08
2019,4,27,73.09
2019,4,28,46.61
2019,4,29,81.05
2019,4,30,35.12
2019,5,1,28.61
2019,5,2,87.73
2019,5,3,79.19
2019,5,4,51.30
2019,5,5,97.58
2019,5,6,25.35
2019,5,7,66.90
2019,5,8,90.47
2019,5,9,14.66
2019,5,10,42.07
2019,5,11,39.96
2019,5,12,91.25
2019,5,13,39.89
2019,5,14,71.04
2019,5,15,51.64
2019,5,16,95.67
2019,5,17,23.37
2019,5,18,78.47
2019,5,19,73.04
2019,5,20,79.52
2019,5,21,78.55
2019,5,22,84.73
2019,5,23,52.26
2019,5,24,57.20
2019,5,25,73.44
2019,5,26,93.90
2019,5,27,5.58
2019,5,28,79.19
2019,5,29,13.35
2019,5,30,43.01
2019,5,31,63.93
2019,6,1,70.85
2019,6,2,18.78
2019,6,3,10.00
2019,6,4,82.75
2019,6,5,91.94
2019,6,6,84.65
2019,6,7,36.61
2019,6,8,55.19
2019,6,9,81.62
2019,6,10,63.45
2019,6,11,85.48
2019,6,12,19.98
2019,6,13,73.52
2019,6,14,48.24
2019,6,15,26.23
2019,6,16,8.42
2019,6,17,54.67
2019,6,18,58.02
2019,6,19,95.09
2019,6,20,62.77
2019,6,21,93.44
2019,6,22,24.31
2019,6,23,86.34
2019,6,24,80.48
2019,6,25,57.57
2019,6,26,72.12
2019,6,27,82.36
2019,6,28,53.21
2019,6,29,48.14
2019,6,30,52.81
2019,7,1,1.55
2019,7,2,72.67
2019,7,3,82.71
2019,7,4,31.91
2019,7,5,66.74
2019,7,6,70.97
2019,7,7,30.24
2019,7,8,47.32
2019,7,9,12.10
2019,7,10,21.16
2019,7,11,88.97
2019,7,12,44.75
2019,7,13,8.48
2019,7,14,88.02
2019,7,15,33.62
2019,7,16,91.51
2019,7,17,30.16
2019,7,18,20.97
2019,7,19,94.96
2019,7,20,57.01
2019,7,21,87.22
2019,7,22,72.80
2019,7,23,5.61
2019,7,24,93.28
2019,7,25,47.28
2019,7,26,29.42
2019,7,27,98.66
2019,7,28,91.06
2019,7,29,81.66
2019,7,30,36.35
2019,7,31,58.49
2019,8,1,51.83
2019,8,2,5.04
2019,8,3,18.82
2019,8,4,56.01
2019,8,5,64.01
2019,8,6,22.47
2019,8,7,49.43
2019,8,8,81.27
2019,8,9,77.12
2019,8,10,96.50
2019,8,11,8.20
2019,8,12,20.56
2019,8,13,20.62
2019,8,14,46.41
2019,8,15,87.31
2019,8,16,85.69
2019,8,17,30.14
2019,8,18,27.29
2019,8,19,48.01
2019,8,20,63.47
2019,8,21,15.83
2019,8,22,44.34
2019,8,23,79.89
2019,8,24,10.43
2019,8,25,60.55
2019,8,26,53.70
2019,8,27,62.66
2019,8,28,69.96
2019,8,29,41.05
2019,8,30,79.57
2019,8,31,66.99
2019,9,1,60.34
2019,9,2,58.92
2019,9,3,90.95
2019,9,4,94.37
2019,9,5,82.32
2019,9,6,56.44
2019,9,7,44.99
2019,9,8,7.74
2019,9,9,43.49
2019,9,10,49.57
2019,9,11,2.82
2019,9,12,65.71
2019,9,13,57.64
2019,9,14,81.23
2019,9,15,17.59
2019,9,16,15.27
2019,9,17,50.38
2019,9,18,71.61
2019,9,19,18.03
2019,9,20,92.39
2019,9,21,76.36
2019,9,22,4.56
2019,9,23,47.38
2019,9,24,16.12
2019,9,25,27.63
2019,9,26,20.26
2019,9,27,5.40
2019,9,28,38.07
2019,9,29,75.07
2019,9,30,38.02
2019,10,1,90.57
2019,10,2,53.62
2019,10,3,73.26
2019,10,4,34.12
2019,10,5,7.19
2019,10,6,61.66
2019,10,7,76.06
2019,10,8,12.40
2019,10,9,52.42
2019,10,10,55.95
2019,10,11,54.43
2019,10,12,88.25
2019,10,13,76.23
2019,10,14,51.93
2019,10,15,87.97
2019,10,16,98.88
2019,10,17,51.13
2019,10,18,30.47
2019,10,19,0.83
2019,10,20,51.98
2019,10,21,23.26
2019,10,22,18.70
2019,10,23,41.47
2019,10,24,5.72
2019,10,25,95.15
2019,10,26,22.78
2019,10,27,43.14
2019,10,28,88.24
2019,10,29,2.54
2019,10,30,18.41
2019,10,31,33.90
2019,11,1,10.60
2019,11,2,80.79
2019,11,3,91.26
2019,11,4,13.40
2019,11,5,73.27
2019,11,6,70.49
2019,11,7,8.06
2019,11,8,34.55
2019,11,9,5.05
2019,11,10,74.54
2019,11,11,85.75
2019,11,12,25.23
2019,11,13,81.35
2019,11,14,45.64
2019,11,15,16.27
2019,11,16,14.94
2019,11,17,54.27
2019,11,18,41.61
2019,11,19,20.93
2019,11,20,99.94
2019,11,21,54.16
2019,11,22,37.84
2019,11,23,58.18
2019,11,24,64.33
2019,11,25,23.92
2019,11,26,44.37
2019,11,27,51.80
2019,11,28,55.00
2019,11,29,37.25
2019,11,30,20.13
2019,12,1,52.20
2019,12,2,0.48
2019,12,3,68.71
2019,12,4,4.86
2019,12,5,53.01
2019,12,6,87.83
2019,12,7,88.61
2019,12,8,50.81
2019,12,9,85.64
2019,12,10,5.99
2019,12,11,7.23
2019,12,12,13.33
2019,12,13,84.54
2019,12,14,78.97
2019,12,15,84.71
2019,12,16,89.35
2019,12,17,8.88
2019,12,18,91.44
2019,12,19,9.47
2019,12,20,48.87
2019,12,21,36.21
2019,12,22,37.48
2019,12,23,52.42
2019,12,24,21.29
2019,12,25,41.31
2019,12,27,92.76
2019,12,28,67.55
2019,12,29,94.22
2019,12,30,58.70
2019,12,31,5.39
2020,1,1,18.46
2020,1,2,78.93
2020,1,3,47.57
2020,1,4,95.90
2020,1,5,76.40
2020,1,6,97.59
2020,1,7,70.47
2020,1,8,6.10
2020,1,10,25.27
2020,1,11,42.19
2020,1,12,74.60
2020,1,13,81.14
2020,1,14,75.83
2020,1,15,71.04
2020,1,16,24.57
2020,1,17,21.02
2020,1,18,31.64
2020,1,19,67.54
2020,1,20,65.95
2020,1,21,99.20
2020,1,22,1.92
2020,1,23,6.31
2020,1,24,84.54
2020,1,25,58.03
2020,1,26,16.10
2020,1,27,61.57
2020,1,28,58.58
2020,1,29,97.46
2020,1,30,30.03
2020,1,31,78.33
2020,2,1,9.64
2020,2,2,29.39
2020,2,3,67.53
2020,2,4,71.33
2020,2,5,87.58
2020,2,6,60.41
2020,2,7,0.66
2020,2,8,38.44
2020,2,9,81.93
2020,2,10,50.53
2020,2,11,12.77
2020,2,12,40.14
2020,2,13,12.96
2020,2,14,82.21
2020,2,15,19.15
2020,2,16,63.80
2020,2,17,26.70
2020,2,18,62.88
2020,2,19,96.24
2020,2,20,82.26
2020,2,21,34.40
2020,2,22,50.63
2020,2,23,50.36
2020,2,24,16.55
2020,2,25,9.87
2020,2,26,43.41
2020,2,27,67.15
2020,2,28,76.39
2020,3,1,72.34
2020,3,2,1.43
2020,3,3,64.21
2020,3,4,65.80
2020,3,5,90.58
2020,3,6,48.67
2020,3,7,68.80
2020,3,8,96.58
2020,3,9,1.61
2020,3,10,79.28
2020,3,11,49.64
2020,3,12,17.54
2020,3,13,46.62
2020,3,14,0.47
2020,3,15,33.83
2020,3,16,93.65
2020,3,17,89.59
2020,3,18,85.25
2020,3,19,65.85
2020,3,20,38.85
2020,3,21,21.78
2020,3,22,85.95
2020,3,23,82.85
2020,3,24,54.68
2020,3,25,46.25
2020,3,26,7.66
2020,3,27,30.02
2020,3,28,27.80
2020,3,29,28.46
2020,3,30,88.28
2020,3,31,15.40
2020,4,1,5.59
2020,4,2,33.28
2020,4,3,56.53
2020,4,4,92.06
2020,4,5,17.96
2020,4,6,4.92
2020,4,7,15.28
2020,4,8,96.02
2020,4,9,47.83
2020,4,10,84.44
2020,4,11,25.12
2020,4,12,13.51
2020,4,13,3.03
2020,4,14,95.78
2020,4,15,74.76
2020,4,16,46.82
2020,4,17,21.34
2020,4,18,45.47
2020,4,19,7.62
2020,4,20,29.52
2020,4,21,21.56
2020,4,22,33.43
2020,4,23,74.19
2020,4,24,80.10
2020,4,25,69.40
2020,4,26,62.64
2020,4,27,71.20
2020,4,28,31.20
2020,4,29,90.75
2020,4,30,31.02
2020,5,1,56.42
2020,5,2,60.48
2020,5,3,99.63
2020,5,4,22.74
2020,5,5,36.32
2020,5,6,95.08
2020,5,7,6.23
2020,5,8,71.16
2020,5,9,21.83
2020,5,10,46.08
2020,5,11,68.62
2020,5,12,59.14
2020,5,13,88.54
2020,5,14,89.49
2020,5,15,11.50
2020,5,16,39.26
2020,5,17,35.85
2020,5,18,37.85
2020,5,19,85.42
2020,5,20,87.07
2020,5,21,6.24
2020,5,22,20.81
2020,5,23,42.26
2020,5,24,77.34
2020,5,25,35.14
2020,5,26,24.41
2020,5,27,24.31
2020,5,28,34.74
2020,5,29,98.92
2020,5,30,87.47
2020,5,31,35.80
2020,6,1,95.57
2020,6,2,45.65
2020,6,3,68.76
2020,6,4,65.01
2020,6,5,33.64
2020,6,6,47.60
2020,6,7,9.86
2020,6,8,28.32
2020,6,9,59.49
2020,6,10,79.06
2020,6,11,22.74
2020,6,12,73.41
2020,6,13,94.73
2020,6,14,1.90
2020,6,15,99.35
2020,6,16,56.31
2020,6,17,12.64
2020,6,18,15.08
2020,6,19,14.19
2020,6,20,82.54
2020,6,21,47.49
2020,6,22,62.52
2020,6,23,68.84
2020,6,24,56.29
2020,6,25,11.98
2020,6,26,92.19
2020,6,27,70.04
2020,6,28,11.65
2020,6,29,34.34
2020,6,30,80.05
2020,7,1,6.12
2020,7,2,31.89
2020,7,3,62.74
2020,7,4,73.09
2020,7,5,96.27
2020,7,6,64.33
2020,7,7,17.86
2020,7,8,13.37
2020,7,9,1.22
2020,7,10,99.59
2020,7,11,29.59
2020,7,12,43.82
2020,7,13,86.43
2020,7,14,26.15
2020,7,15,72.63
2020,7,16,39.60
2020,7,17,19.05
2020,7,18,22.35
2020,7,19,61.31
2020,7,20,79.33
2020,7,21,93.04
2020,7,22,73.43
2020,7,23,49.04
2020,7,24,8.59
2020,7,25,15.72
2020,7,26,79.44
2020,7,27,93.93
2020,7,28,84.53
2020,7,29,72.05
2020,7,30,93.99
2020,7,31,76.33
2020,8,1,2.23
2020,8,2,92.63
2020,8,3,90.19
2020,8,4,92.11
2020,8,5,40.96
2020,8,6,18.74
2020,8,7,67.61
2020,8,8,76.42
2020,8,9,76.71
2020,8,10,87.82
2020,8,11,7.92
2020,8,12,98.90
2020,8,13,72.62
2020,8,14,6.08
2020,8,15,92.55
2020,8,16,42.48
2020,8,17,44.24
2020,8,18,18.80
2020,8,19,83.55
2020,8,20,23.36
2020,8,21,81.23
2020,8,22,91.69
2020,8,23,17.45
2020,8,24,57.43
2020,8,25,94.65
2020,8,26,30.55
2020,8,27,60.73
2020,8,28,64.00
2020,8,29,99.43
2020,8,30,46.63
2020,8,31,60.56
2020,9,2,15.07
2020,9,3,16.30
2020,9,4,94.85
2020,9,5,88.24
2020,9,6,41.02
2020,9,7,54.57
2020,9,8,80.73
2020,9,9,88.71
2020,9,11,56.76
2020,9,12,12.78
2020,9,13,66.53
2020,9,14,76.41
2020,9,15,10.29
2020,9,16,43.93
2020,9,17,21.99
2020,9,18,30.05
2020,9,19,13.07
2020,9,20,23.55
2020,9,21,45.02
2020,9,22,66.95
2020,9,23,58.88
2020,9,24,14.66
2020,9,25,34.60
2020,9,26,39.44
2020,9,27,46.90
2020,9,28,80.87
2020,9,29,0.81
2020,9,30,91.38
2020,10,1,56.82
2020,10,2,14.97
2020,10,3,97.82
2020,10,4,54.44
2020,10,5,83.42
2020,10,6,65.48
2020,10,7,31.13
2020,10,8,46.21
2020,10,9,49.46
2020,10,10,7.20
2020,10,11,28.31
2020,10,12,27.29
2020,10,13,81.68
2020,10,14,77.61
2020,10,15,82.86
2020,10,16,54.69
2020,10,17,34.75
2020,10,18,21.33
2020,10,19,95.98
2020,10,20,87.37
2020,10,21,44.41
2020,10,22,76.56
2020,10,23,21.90
2020,10,24,2.98
2020,10,25,67.20
2020,10,26,22.83
2020,10,27,54.77
2020,10,29,35.91
2020,10,30,69.06
2020,10,31,31.68
2020,11,1,26.65
2020,11,2,10.82
2020,11,3,55.12
2020,11,4,76.77
2020,11,5,92.21
2020,11,6,26.45
2020,11,7,22.88
2020,11,8,55.98
2020,11,9,60.48
2020,11,10,32.02
2020,11,11,70.19
2020,11,12,76.06
2020,11,13,5.54
2020,11,14,28.87
2020,11,15,75.78
2020,11,16,17.59
2020,11,17,35.11
2020,11,18,18.99
2020,11,19,76.35
2020,11,20,69.67
2020,11,22,73.70
2020,11,23,10.44
2020,11,24,3.80
2020,11,25,29.00
2020,11,26,32.01
2020,11,27,49.92
2020,11,28,5.22
2020,11,29,33.07
2020,11,30,24.27
2020,12,1,69.53
2020,12,2,30.06
2020,12,3,76.13
2020,12,4,59.67
2020,12,5,79.36
2020,12,6,63.16
2020,12,7,20.07
2020,12,8,46.49
2020,12,9,43.73
2020,12,10,67.66
2020,12,11,1.79
2020,12,12,58.87
2020,12,13,75.15
2020,12,14,21.46
2020,12,15,48.02
2020,12,16,62.77
2020,12,17,96.71
2020,12,18,94.30
2020,12,19,75.99
2020,12,20,25.99
2020,12,21,70.71
2020,12,22,97.04
2020,12,23,22.53
2020,12,24,32.24
2020,12,25,25.23
2020,12,26,25.79
2020,12,27,25.75
2020,12,28,7.29
2020,12,29,57.13
2020,12,30,40.86
2020,12,31,70.05
2021,1,1,36.66
2021,1,2,82.89
2021,1,3,87.78
2021,1,4,82.34
2021,1,5,77.63
2021,1,6,61.32
2021,1,7,50.08
2021,1,8,38.13
2021,1,10,84.12
2021,1,11,92.52
2021,1,12,0.90
2021,1,13,97.28
2021,1,14,72.76
2021,1,15,81.45
2021,1,16,59.68
2021,1,17,20.58
2021,1,18,13.33
2021,1,19,29.02
2021,1,20,48.68
2021,1,21,30.05
2021,1,22,38.97
2021,1,23,8.94
2021,1,24,69.52
2021,1,25,25.19
2021,1,26,44.84
2021,1,27,88.67
2021,1,28,83.06
2021,1,29,38.73
2021,1,30,11.77
2021,1,31,17.85
2021,2,1,26.89
2021,2,2,65.70
2021,2,3,28.80
2021,2,4,36.37
2021,2,5,11.33
2021,2,6,40.72
2021,2,7,70.49
2021,2,8,20.69
2021,2,9,47.26
2021,2,10,77.78
2021,2,11,40.87
2021,2,12,76.43
2021,2,13,13.34
2021,2,14,38.41
2021,2,15,14.64
2021,2,16,63.03
2021,2,17,70.02
2021,2,18,2.29
2021,2,19,72.28
2021,2,20,23.84
2021,2,21,94.25
2021,2,22,57.14
2021,2,23,6.44
2021,2,24,53.17
2021,2,25,31.30
2021,2,26,37.51
2021,2,27,44.00
2021,2,28,61.55
2021,3,1,71.55
2021,3,2,50.44
2021,3,3,50.34
2021,3,4,22.39
2021,3,5,18.23
2021,3,6,75.20
2021,3,7,33.00
2021,3,8,48.81
2021,3,9,22.15
2021,3,10,67.10
2021,3,11,69.96
2021,3,12,88.29
2021,3,13,32.15
2021,3,15,33.72
2021,3,16,60.26
2021,3,17,29.11
2021,3,18,12.56
2021,3,19,74.90
2021,3,20,37.84
2021,3,21,19.24
2021,3,22,64.65
2021,3,23,33.76
2021,3,24,93.11
2021,3,25,56.15
2021,3,26,50.79
2021,3,27,23.05
2021,3,28,65.57
2021,3,30,36.99
2021,3,31,75.93
2021,4,1,55.51
2021,4,2,30.10
2021,4,3,86.08
2021,4,4,70.92
2021,4,5,20.87
2021,4,6,24.23
2021,4,7,32.87
2021,4,8,38.68
2021,4,9,51.47
2021,4,10,65.56
2021,4,11,89.53
2021,4,12,15.81
2021,4,13,20.13
2021,4,14,64.93
2021,4,15,36.13
2021,4,16,8.93
2021,4,17,13.54
2021,4,18,21.67
2021,4,19,55.97
2021,4,20,34.25
2021,4,21,96.61
2021,4,22,95.89
2021,4,23,10.50
2021,4,24,37.88
2021,4,25,77.39
2021,4,26,48.15
2021,4,27,46.28
2021,4,28,59.38
2021,4,29,1.46
2021,4,30,24.15
2021,5,2,77.55
2021,5,3,20.07
2021,5,4,66.54
2021,5,5,18.30
2021,5,6,41.36
2021,5,7,56.84
2021,5,8,65.51
2021,5,9,93.71
2021,5,10,85.16
2021,5,11,61.73
2021,5,12,82.30
2021,5,13,47.52
2021,5,16,24.43
2021,5,17,33.85
2021,5,18,62.62
2021,5,19,35.26
2021,5,20,29.13
2021,5,21,25.69
2021,5,22,89.61
2021,5,23,21.77
2021,5,24,50.10
2021,5,25,55.00
2021,5,26,51.37
2021,5,27,15.93
2021,5,28,70.41
2021,5,29,25.50
2021,5,30,67.53
2021,5,31,57.84
2021,6,1,48.41
2021,6,2,12.82
2021,6,3,1.66
2021,6,4,17.65
2021,6,5,57.17
2021,6,6,99.65
2021,6,7,67.75
2021,6,8,71.37
2021,6,9,41.52
2021,6,10,96.28
2021,6,11,83.04
2021,6,12,30.76
2021,6,13,93.42
2021,6,14,24.13
2021,6,15,60.65
2021,6,16,93.11
2021,6,17,68.30
2021,6,18,4.45
2021,6,19,54.64
2021,6,20,80.63
2021,6,21,73.63
2021,6,22,45.43
2021,6,23,97.65
2021,6,24,16.43
2021,6,25,91.13
2021,6,26,12.13
2021,6,27,44.69
2021,6,28,7.42
2021,6,29,45.81
2021,6,30,51.83
2021,7,1,24.85
2021,7,2,28.50
2021,7,3,8.26
2021,7,4,41.28
2021,7,5,43.70
2021,7,6,73.30
2021,7,7,69.37
2021,7,8,52.28
2021,7,9,10.51
2021,7,10,85.09
2021,7,11,14.10
2021,7,12,23.62
2021,7,13,8.59
2021,7,14,13.20
2021,7,15,60.03
2021,7,16,4.55
2021,7,17,32.41
2021,7,18,82.32
2021,7,19,12.84
2021,7,20,3.42
2021,7,21,26.26
2021,7,22,39.52
2021,7,23,9.21
2021,7,24,85.67
2021,7,25,55.38
2021,7,26,53.67
2021,7,27,87.64
2021,7,28,52.96
2021,7,29,53.86
2021,7,30,8.29
2021,7,31,1.20
2021,8,1,73.96
2021,8,2,50.24
2021,8,3,83.63
2021,8,4,57.69
2021,8,5,11.95
2021,8,6,47.04
2021,8,7,22.95
2021,8,8,26.71
2021,8,9,24.84
2021,8,10,26.10
2021,8,11,57.49
2021,8,12,35.62
2021,8,13,71.41
2021,8,14,39.58
2021,8,15,23.58
2021,8,16,36.77
2021,8,17,87.43
2021,8,18,51.01
2021,8,19,29.42
2021,8,20,26.62
2021,8,21,11.29
2021,8,22,37.49
2021,8,23,68.28
2021,8,24,52.89
2021,8,25,94.57
2021,8,26,66.21
2021,8,27,18.04
2021,8,28,57.17
2021,8,29,20.90
2021,8,30,7.41
2021,8,31,82.63
2021,9,1,43.67
2021,9,2,44.83
2021,9,3,12.21
2021,9,4,67.65
2021,9,5,9.35
2021,9,6,48.45
2021,9,7,72.20
2021,9,8,7.76
2021,9,9,98.00
2021,9,10,4.69
2021,9,11,57.37
2021,9,12,30.84
2021,9,13,51.75
2021,9,14,17.54
2021,9,15,97.33
2021,9,16,12.35
2021,9,17,61.81
2021,9,18,94.39
2021,9,19,22.20
2021,9,20,16.43
2021,9,21,14.22
2021,9,22,61.75
2021,9,23,96.77
2021,9,24,24.87
2021,9,25,35.94
2021,9,26,98.16
2021,9,27,78.90
2021,9,28,17.21
2021,9,29,65.48
2021,9,30,39.08
2021,10,1,35.20
2021,10,2,47.57
2021,10,3,20.26
2021,10,4,11.13
2021,10,5,66.45
2021,10,6,21.77
2021,10,7,13.90
2021,10,8,70.76
2021,10,9,55.49
2021,10,10,57.34
2021,10,11,43.41
2021,10,12,50.47
2021,10,13,3.55
2021,10,14,8.07
2021,10,15,1.55
2021,10,16,53.85
2021,10,17,17.50
2021,10,18,49.41
2021,10,19,92.75
2021,10,20,33.53
2021,10,21,70.56
2021,10,22,69.36
2021,10,23,16.48
2021,10,24,59.18
2021,10,25,41.52
2021,10,26,19.93
2021,10,27,73.89
2021,10,28,99.22
2021,10,29,32.74
2021,10,30,57.64
2021,10,31,4.22
2021,11,1,3.36
2021,11,2,80.26
2021,11,3,28.15
2021,11,4,59.02
2021,11,5,64.74
2021,11,6,15.18
2021,11,7,12.14
2021,11,8,57.51
2021,11,9,53.25
2021,11,10,76.64
2021,11,11,60.24
2021,11,12,52.11
2021,11,13,4.12
2021,11,14,43.63
2021,11,15,30.85
2021,11,16,68.49
2021,11,17,63.78
2021,11,18,45.54
2021,11,19,32.39
2021,11,20,59.95
2021,11,21,96.58
2021,11,22,37.43
2021,11,23,44.42
2021,11,24,64.99
2021,11,25,33.30
2021,11,26,91.87
2021,11,27,82.41
2021,11,28,40.92
2021,11,29,55.33
2021,11,30,77.54
2021,12,1,34.44
2021,12,2,40.99
2021,12,3,56.28
2021,12,4,65.85
2021,12,5,61.56
2021,12,6,65.49
2021,12,7,60.35
2021,12,8,13.33
2021,12,9,73.65
2021,12,10,53.46
2021,12,11,68.52
2021,12,12,98.52
2021,12,13,65.72
2021,12,14,22.20
2021,12,16,22.72
2021,12,17,90.17
2021,12,18,37.05
2021,12,19,38.29
2021,12,20,82.56
2021,12,21,42.51
2021,12,22,8.19
2021,12,23,48.39
2021,12,24,62.08
2021,12,25,82.70
2021,12,26,92.38
2021,12,27,2.13
2021,12,28,4.97
2021,12,29,85.99
2021,12,30,84.62
2021,12,31,40.05
2022,1,1,52.43
2022,1,2,67.99
2022,1,3,61.34
2022,1,4,13.45
2022,1,5,27.85
2022,1,6,97.07
2022,1,7,52.38
2022,1,8,98.34
2022,1,9,75.33
2022,1,10,3.33
2022,1,11,25.67
2022,1,12,78.55
2022,1,13,7.09
2022,1,14,33.17
2022,1,15,57.15
2022,1,16,44.07
2022,1,17,65.92
2022,1,18,39.28
2022,1,19,4.94
2022,1,20,85.84
2022,1,21,68.45
2022,1,22,85.86
2022,1,23,61.84
2022,1,24,80.83
2022,1,25,58.81
2022,1,26,7.29
2022,1,27,30.28
2022,1,28,92.18
2022,1,29,16.75
2022,1,30,14.08
2022,1,31,28.82
2022,2,1,77.99
2022,2,2,83.10
2022,2,3,47.35
2022,2,4,44.21
2022,2,5,17.23
2022,2,6,91.61
2022,2,7,60.46
2022,2,8,91.86
2022,2,9,8.16
2022,2,10,70.02
2022,2,11,28.98
2022,2,12,75.08
2022,2,13,37.07
2022,2,14,24.86
2022,2,15,70.01
2022,2,16,59.57
2022,2,17,49.44
2022,2,18,53.01
2022,2,19,39.33
2022,2,20,1.29
2022,2,21,79.47
2022,2,22,94.11
2022,2,23,97.20
2022,2,24,19.87
2022,2,25,85.15
2022,2,26,97.57
2022,2,27,66.19
2022,2,28,34.41
2022,3,1,26.33
2022,3,2,99.55
2022,3,3,91.32
2022,3,4,40.34
2022,3,5,42.52
2022,3,6,38.51
2022,3,7,80.58
2022,3,8,12.65
2022,3,9,39.07
2022,3,10,50.21
2022,3,11,53.94
2022,3,12,71.71
2022,3,13,50.73
2022,3,14,41.41
2022,3,15,2.09
2022,3,16,46.02
2022,3,17,47.28
2022,3,18,11.02
2022,3,19,23.06
2022,3,20,59.20
2022,3,21,49.72
2022,3,22,5.58
2022,3,23,88.57
2022,3,24,18.90
2022,3,25,54.51
2022,3,26,65.36
2022,3,27,92.44
2022,3,28,34.23
2022,3,29,30.72
2022,3,30,87.31
2022,3,31,66.26
2022,4,1,23.98
2022,4,2,68.97
2022,4,3,70.12
2022,4,4,26.74
2022,4,5,75.88
2022,4,6,9.85
2022,4,7,17.14
2022,4,8,16.86
2022,4,9,79.49
2022,4,10,91.15
2022,4,11,25.91
2022,4,12,99.23
2022,4,13,16.38
2022,4,14,43.96
2022,4,15,50.28
2022,4,16,48.16
2022,4,17,53.03
2022,4,18,88.41
2022,4,19,96.80
2022,4,20,15.71
2022,4,21,98.34
2022,4,22,84.85
2022,4,23,31.35
2022,4,24,21.59
2022,4,25,67.46
2022,4,26,83.67
2022,4,27,35.60
2022,4,28,49.49
2022,4,29,87.15
2022,4,30,57.11
2022,5,1,46.83
2022,5,2,98.27
2022,5,3,87.57
2022,5,4,84.30
2022,5,5,69.80
2022,5,6,67.59
2022,5,7,35.14
2022,5,8,30.27
2022,5,9,1.45
2022,5,10,83.46
2022,5,11,79.43
2022,5,12,54.64
2022,5,13,64.15
2022,5,14,70.80
2022,5,15,87.21
2022,5,16,81.45
2022,5,17,98.01
2022,5,18,2.50
2022,5,19,2.57
2022,5,20,24.08
2022,5,21,95.21
2022,5,22,58.42
2022,5,23,93.85
2022,5,24,40.31
2022,5,25,25.07
2022,5,26,34.99
2022,5,27,69.53
2022,5,28,58.90
2022,5,29,34.73
2022,5,30,62.69
2022,5,31,68.70
2022,6,1,16.75
2022,6,2,51.12
2022,6,3,58.01
2022,6,4,59.72
2022,6,5,64.88
2022,6,6,72.53
2022,6,7,54.70
2022,6,8,37.90
2022,6,9,93.28
2022,6,10,38.79
2022,6,11,25.61
2022,6,12,33.40
2022,6,14,33.75
2022,6,15,8.98
2022,6,16,32.43
2022,6,17,84.97
2022,6,18,67.27
2022,6,19,92.67
2022,6,20,30.05
2022,6,21,36.67
2022,6,22,2.97
2022,6,23,77.53
2022,6,24,22.79
2022,6,25,80.94
2022,6,26,44.01
2022,6,27,88.19
2022,6,28,99.09
2022,6,29,4.52
2022,6,30,93.85
2022,7,1,99.09
2022,7,2,42.70
2022,7,3,17.03
2022,7,4,76.66
2022,7,5,30.75
2022,7,6,18.96
2022,7,7,96.77
2022,7,8,67.07
2022,7,9,71.76
2022,7,10,98.75
2022,7,11,24.72
2022,7,12,17.23
2022,7,13,74.48
2022,7,14,68.93
2022,7,15,56.20
2022,7,16,45.21
2022,7,17,26.52
2022,7,18,88.57
2022,7,19,30.82
2022,7,20,51.14
2022,7,21,13.45
2022,7,22,49.93
2022,7,23,41.46
2022,7,24,77.46
2022,7,25,28.90
2022,7,26,81.87
2022,7,27,17.63
2022,7,28,3.13
2022,7,29,42.10
2022,7,30,87.98
2022,7,31,48.25
2022,8,1,32.41
2022,8,2,99.74
2022,8,3,52.69
2022,8,4,93.42
2022,8,5,82.85
2022,8,6,60.10
2022,8,7,24.60
2022,8,8,38.16
2022,8,9,21.70
2022,8,10,31.73
2022,8,11,84.86
2022,8,12,20.38
2022,8,13,43.59
2022,8,14,75.08
2022,8,15,90.41
2022,8,16,76.16
2022,8,17,89.18
2022,8,18,39.04
2022,8,19,37.57
2022,8,20,30.71
2022,8,21,93.28
2022,8,22,39.23
2022,8,23,99.96
2022,8,24,55.53
2022,8,25,9.69
2022,8,26,93.77
2022,8,27,56.88
2022,8,28,23.56
2022,8,29,96.99
2022,8,30,15.09
2022,8,31,91.39
2022,9,1,9.80
2022,9,3,37.38
2022,9,4,50.24
2022,9,5,3.94
2022,9,6,15.37
2022,9,7,86.24
2022,9,8,34.99
2022,9,9,72.44
2022,9,10,36.73
2022,9,11,55.16
2022,9,12,70.83
2022,9,13,53.38
2022,9,14,86.07
2022,9,15,80.22
2022,9,16,71.53
2022,9,17,95.75
2022,9,18,9.26
2022,9,19,88.44
2022,9,20,38.24
2022,9,21,40.09
2022,9,22,75.09
2022,9,23,59.89
2022,9,24,65.88
2022,9,25,24.88
2022,9,26,80.09
2022,9,27,9.05
2022,9,28,81.87
2022,9,29,2.98
2022,9,30,25.21
2022,10,1,67.52
2022,10,2,92.35
2022,10,3,68.14
2022,10,4,49.56
2022,10,5,57.60
2022,10,6,35.41
2022,10,7,75.65
2022,10,8,33.67
2022,10,9,57.33
2022,10,10,12.87
2022,10,11,9.44
2022,10,12,0.15
2022,10,13,58.06
2022,10,14,33.53
2022,10,15,15.63
2022,10,16,2.78
2022,10,17,13.12
2022,10,18,29.97
2022,10,19,56.48
2022,10,20,66.02
2022,10,21,72.86
2022,10,22,63.19
2022,10,23,38.48
2022,10,24,75.09
2022,10,25,85.06
2022,10,26,92.97
2022,10,27,50.34
2022,10,28,92.36
2022,10,29,37.20
2022,10,30,39.56
2022,10,31,87.17
2022,11,1,71.74
2022,11,2,78.03
2022,11,3,4.98
2022,11,4,17.65
2022,11,5,49.70
2022,11,6,66.79
2022,11,7,83.67
2022,11,8,19.92
2022,11,9,15.03
2022,11,10,21.42
2022,11,11,92.06
2022,11,12,85.27
2022,11,13,57.04
2022,11,14,24.11
2022,11,15,33.93
2022,11,16,49.54
2022,11,17,39.62
2022,11,18,77.18
2022,11,19,23.10
2022,11,20,99.03
2022,11,21,39.50
2022,11,22,1.58
2022,11,23,20.96
2022,11,24,98.36
2022,11,25,39.78
2022,11,26,88.68
2022,11,27,31.37
2022,11,28,62.39
2022,11,29,95.81
2022,11,30,67.51
2022,12,1,69.16
2022,12,2,11.39
2022,12,3,84.45
2022,12,4,12.29
2022,12,5,0.79
2022,12,6,47.58
2022,12,8,3.99
2022,12,9,67.51
2022,12,10,91.70
2022,12,11,1.30
2022,12,12,33.37
2022,12,13,90.03
2022,12,14,53.49
2022,12,15,12.76
2022,12,16,8.84
2022,12,17,12.19
2022,12,18,36.70
2022,12,19,40.71
2022,12,20,44.96
2022,12,21,67.58
2022,12,22,59.36
2022,12,23,48.10
2022,12,24,74.46
2022,12,25,79.25
2022,12,26,39.24
2022,12,27,94.63
2022,12,28,82.38
2022,12,29,61.83
2022,12,30,34.35
2022,12,31,25.87